CREATE TABLE DEPARTMENT ( 
DEP_NO INT NOT NULL, 
DEP_NAME VARCHAR(15) NOT NULL,
 LOC VARCHAR(15) NOT NULL, 
MGR INT NOT NULL, 
EXP_BDG INT NOT NULL,
 REV_BDC INT NOT NULL,
PRIMARY KEY(DEP_NO)
);

CREATE TABLE EMPLOYEE ( 
EMPNO INT NOT NULL, 
EMP_NAME VARCHAR(15),
JOB VARCHAR(15), 
SALARY INT NOT NULL, 
COMM VARCHAR(15), 
DEP_NO INT, 
SEX VARCHAR(6), 
PRIMARY KEY(EMPNO)
);

CREATE TABLE DEPENDANT ( 
PID INT NOT NULL, 
FNAME VARCHAR(15) NOT NULL,
LNAME VARCHAR(15) NOT NULL, 
PLACE VARCHAR(15) NOT NULL,
EMPNO INT, 
FOREIGN KEY(EMPNO) REFERENCES EMPLOYEE(EMPNO) ON DELETE CASCADE,
PRIMARY KEY(PID)
);

INSERT INTO DEPARTMENT VALUES(60,'Shipping','Trivandrum',215,90000,0);
INSERT INTO DEPARTMENT VALUES(10,'Accounting','Cochin',215,90000,0);
INSERT INTO DEPARTMENT VALUES(30,'Research','Cochin',215,90000,0);
INSERT INTO DEPARTMENT VALUES(40,'Sales','Trichur',215,90000,0);
INSERT INTO DEPARTMENT VALUES(50,'Manufacturing','Kottayam',215,90000,0);
INSERT INTO EMPLOYEE VALUES (100,'Wilson','CLRK',17000,NULL,10,'M');
INSERT INTO EMPLOYEE VALUES(101,'Smith','SLSM',25000,'1300',40,'F');
INSERT INTO EMPLOYEE VALUES (103,'Roy','ANLST',35000,NULL,30,'M');
INSERT INTO EMPLOYEE VALUES (105,'Watson','MNGR',45000,'0',30,'M');
INSERT INTO EMPLOYEE VALUES (109,'Alan','MNGR',30000,'8000',40,'M');
INSERT INTO EMPLOYEE VALUES (110,'Tina','CLRK',18000,NULL,50,'F');
INSERT INTO EMPLOYEE VALUES (200,'Karthika','MNGR',29000,NULL,10,'F');
INSERT INTO EMPLOYEE VALUES (210,'Rita','MNGR',36500,NULL,50,'F');
INSERT INTO EMPLOYEE VALUES (213,'Manacy','CLRK',16250,NULL,10,'F');
INSERT INTO EMPLOYEE VALUES (214,'Simpson','DRVR',8250,NULL,60,'M');
INSERT INTO EMPLOYEE VALUES (215,'Deepa','ANLST',27000,NULL,60,'F');
INSERT INTO EMPLOYEE VALUES (220,'Soosan','SLSM',28500,'5300',60,'F');
INSERT INTO DEPENDANT VALUES (1010,'Anu','Jose','Trivandrum',214);
INSERT INTO DEPENDANT VALUES (1020,'Neenu','Thomas','Kollam',200);
INSERT INTO DEPENDANT VALUES (1022,'Anamika','Thampi','Kollam',200);
INSERT INTO DEPENDANT VALUES (1031,'Swetha','Das','Kottayam',109) ;

